<annotation>
	<folder>images</folder>
	<filename>worker_with_helmet.jpg</filename>
	<path>D:\spectra_real1\image_data_maxsus\worker_with_helmet\images\worker_with_helmet.jpg</path>
	<source>
		<database>Unknown</database>
	</source>
	<size>
		<width>262</width>
		<height>192</height>
		<depth>3</depth>
	</size>
	<segmented>0</segmented>
	<object>
		<name>worker_with_helmet</name>
		<pose>Unspecified</pose>
		<truncated>0</truncated>
		<difficult>0</difficult>
		<bndbox>
			<xmin>134</xmin>
			<ymin>11</ymin>
			<xmax>160</xmax>
			<ymax>38</ymax>
		</bndbox>
	</object>
</annotation>
