<annotation>
	<folder>images</folder>
	<filename>worker_without_helmet.jpg</filename>
	<path>D:\spectra_real1\image_data_maxsus\worker_without_helmet\images\worker_without_helmet.jpg</path>
	<source>
		<database>Unknown</database>
	</source>
	<size>
		<width>275</width>
		<height>183</height>
		<depth>3</depth>
	</size>
	<segmented>0</segmented>
	<object>
		<name>worker_without_helmet</name>
		<pose>Unspecified</pose>
		<truncated>0</truncated>
		<difficult>0</difficult>
		<bndbox>
			<xmin>95</xmin>
			<ymin>87</ymin>
			<xmax>114</xmax>
			<ymax>106</ymax>
		</bndbox>
	</object>
</annotation>
