<annotation>
	<folder>images</folder>
	<filename>worker_with_helmet.jpg</filename>
	<path>D:\spectra_real1\image_data_maxsus\worker_with_helmet\images\worker_with_helmet.jpg</path>
	<source>
		<database>Unknown</database>
	</source>
	<size>
		<width>612</width>
		<height>387</height>
		<depth>3</depth>
	</size>
	<segmented>0</segmented>
	<object>
		<name>worker_with_helmet</name>
		<pose>Unspecified</pose>
		<truncated>0</truncated>
		<difficult>0</difficult>
		<bndbox>
			<xmin>161</xmin>
			<ymin>19</ymin>
			<xmax>277</xmax>
			<ymax>112</ymax>
		</bndbox>
	</object>
</annotation>
