<annotation>
	<folder>images</folder>
	<filename>worker_without_helmet.jpg</filename>
	<path>D:\spectra_real1\image_data_maxsus\worker_without_helmet\images\worker_without_helmet.jpg</path>
	<source>
		<database>Unknown</database>
	</source>
	<size>
		<width>183</width>
		<height>275</height>
		<depth>3</depth>
	</size>
	<segmented>0</segmented>
	<object>
		<name>worker_without_helmet</name>
		<pose>Unspecified</pose>
		<truncated>0</truncated>
		<difficult>0</difficult>
		<bndbox>
			<xmin>72</xmin>
			<ymin>27</ymin>
			<xmax>111</xmax>
			<ymax>77</ymax>
		</bndbox>
	</object>
</annotation>
